{"section_shape": ["straight", "straight", "taper", "taper", "taper", null, null, null, null, null], "can_thickness": [50.0, 50.0, 33.99999999999999, 32.99999999999999, 31.999999999999993, 30.999999999999993, 29.999999999999993, 28.99999999999999, 28.0, 27.0, 27.0, 26.0, 26.0, 24.999999999999996, 24.999999999999996, 23.999999999999996, 24.0, 22.999999999999996, 23.0, 23.0, 23.0, 23.0, 23.0, 23.0, 23.0, 23.0, 23.0, 24.0, 25.0, 24.0, 23.0, 23.0, 22.0, 22.0, 20.999999999999996, 20.999999999999996, 19.999999999999996, 19.999999999999996, 18.999999999999996, 19.0, 18.0, 16.999999999999996, 16.999999999999996, 15.999999999999996, 14.999999999999996, 14.999999999999996, 13.999999999999995, 13.999999999999995, 22.0, null, null, null, null, null, null, null, null, null, null, null, null], "section_number": [1.0, 2.0, 3.0, 4.0, 5.0, "-", "-", "-", "-", "-", null], "general": {"eload_z_offset": 0.0, "not_used_119": null, "not_used_116": 45000000000.0, "eload_read_option": "Table", "not_used_114": null, "not_used_115": null, "extreme_material_factor": 1.1, "flange_top_can_no": null, "not_used_118": null, "verified_by_title": "Structural Engineer", "can_thickness": null, "flanged_fatigue_inputs": null, "fatigue_material_factor": 1.265, "not_used_117": 55000000000.0, "door_z_max": 4.77, "not_used_69": null, "not_used_68": null, "flange_base_can_no": null, "not_used_87": null, "not_used_86": null, "not_used_85": null, "quality_class": "B", "not_used_80": null, "height_TTF_hub_centre": 2.2616000000000014, "tilting": 0.00872686779075879, "not_used_106": null, "flange_opt_input": null, "ref_wind_speed": 37.5, "door_z_min": 1.83, "prepared_by_title": "Senior Engineer", "design_code": "DNVGL-ST-0126", "fload_z_offset": 0.0, "DEL_m": 4.0, "can_material": "Q345E", "not_used_70": null, "fraction_add_mass_secondary_steel": 0.045, "cone_angle": 3.0, "not_used_53": null, "not_used_97": null, "door_h_C": 3.3, "not_used_98": null, "not_used_99": null, "eigen_door": 8.95, "E_mod_steel": 210000000000.0, "section_no": null, "blade_root_hub_axis": 1.495, "not_used_75": null, "not_used_128": null, "null": null, "door_t_F": 0.17, "python_main_directory": "D:\\tower_geo\\project\\Python_171106", "prepared_by": "John Roadnight", "flange_size_inputs": null, "load_factor_unfavourable": 1.35, "materials": null, "approved_by": null, "section_top_D": null, "tilt_angle": -7.0, "nacelle_cog_x": 0.148503, "nacelle_cog_y": 0.009185, "door_W": 1.195, "delta_s": 0.012, "height_TTF_nacelle_COG": 1.02157, "eload_factor": 1.0, "Ymax_calc_method": 2.0, "door_B": 0.25, "structural_bolts_pullers": null, "blade_mass": 13870.8, "eload_path": "\\\\brv7001\\Projects\\TES\\123752_SE_soft_tower\\Execution\\Loads\\Postproc\\iter3_set1\\extreme\\tower", "not_used_19": null, "kinematic_viscosity": 1.5e-05, "door_H": 2.94, "contact_person": "Shi Feng", "section_base_D": null, "turbine_operating_life": 20.0, "section_shape": null, "not_used_124": null, "can_length": null, "not_used_153": null, "preferred_plate_height": null, "not_used_151": null, "air_density": 1.225, "not_used_23": null, "not_used_22": "D:\\tower_geo\\Python\\Python\\Python27\\python.exe", "not_used_24": null, "strouhal_number": 0.18, "wind_shear_exponent": 0.2, "approved_by_title": null, "eigen_nodoor": 11.48, "calculation_issue": "A", "project_name": "XEMC 2MW with 121m rotor diameter wind turbine", "start_height": 0.2, "can_alignment": "D_centre", "not_used_145": null, "not_used_146": null, "DIN_socket": null, "load_factor_grav_favourable": 0.9, "customer": "XEMC Windpower Co., LTD", "not_used_34": "Station_tables", "not_used_35": "AW", "not_used_32": 0.0, "not_used_33": "P:\\TES\\143678_XEMC_Soft_Tower\\Execution\\Loads\\Postproc\\XEMC_DELs_viewer_iter5set2_iter6set1.xlsm", "not_used_30": null, "not_used_31": null, "density_steel": 7850.0, "rotor_overhang": -3.1659285904368772, "not_used_132": null, "buckle_material_factor": 1.1, "eload_fname": "uloads", "no_blades": 3.0, "turbulence_intensity": 0.14, "hub_mass": 97047.8, "calculation_date": 